KEY,NOTES_FOR_LOCALISATION,LINE_EN,LINE_XX,LINE_FR,LINE_IT,LINE_DE,LINE_ES,LINE_BP,LINE_JP,LINE_RU,LINE_KP,LINE_CN,LINE_XX
$flower_undiscovered,,Discover this flower to learn more about its effects!,XX,Découvre cette fleur pour en savoir plus sur ses effets !,Scopri questo fiore per saperne di più sui suoi effetti!,"Entdecke diese Blume, um mehr über ihre Wirkung zu erfahren!",¡Descubre esta flor para aprender más sobre sus efectos!,Estude essa flor para aprender mais sobre seus efeitos!,花を見つけて効果を見よう！,,,发现此花卉以对其效果了解更多!,
$flower_scent,,The scent of this flower is known to calm the following species:,XX,Le parfum de cette fleur est connu pour apaiser les espèces suivantes :,L'aroma di questo fiore è noto per riuscire a calmare le seguenti specie:,"Der Duft dieser Blume ist dafür bekannt, dass er die folgenden Arten beruhigt:",Se sabe que el aroma de esta flor tranquiliza a las siguientes especies:,O aroma dessa flor conhecidamente acalma as seguintes espécies:,この花の香りで落ち着かせることができる種：,,,这种花的香味可以安抚以下物种:,
$book3_1_id,,Overview,XX,Vue d'ensemble,Panoramica,Übersicht,Resumen,Visão Geral,概要,,,概览,XX
$book3_1_page2_de1,,"In this demo there's only 6 species of flower to discover, but in the full game there's over 15 different species to find across 3 different tiers.",XX,"Dans cette démo, il n'y a que 6 espèces de fleurs à découvrir, mais dans le jeu complet, plus de 15 espèces différentes sur 3 niveaux différents t'attendent.","In questa demo ci sono solo sei specie di fiori da scoprire, ma il gioco complete ne contiene oltre quindici, divise in tre diverse categorie.","In dieser Demo gibt es nur 6 Blumenarten zu entdecken, aber im vollständigen Spiel gibt es über 15 verschiedene Arten auf 3 verschiedenen Ebenen.","En esta demo solo hay seis especies de flores por descubrir, pero el juego completo tendrá más de quince especies diferentes en tres categorías distintas.","Nessa demo existem apenas 6 espécies diferentes para serem descobertas, mas no jogo completo existem mais de 15 espécies diferentes de 3 níveis diferentes.",デモでは6種類の花が見つけられるよ。ゲーム本編では15種類以上の花があり、3つのレベルに分けられるよ。,,,"在此试玩版中只有6种花卉等待发现, 但正式版游戏中有3个级别, 超过15种不同的种类可以寻找.",XX
$book3_1_page2_de2,,"Later tiers give even more interesting effects, like more special produce formed - or keeping bees awake later at night!",XX,"Les niveaux supérieurs donnent des effets encore plus intéressants, comme plus de produits spéciaux ou la possibilité de tenir les abeilles éveillées plus tard !","Le categorie più avanzate danno effetti ancora più interessanti, come la formazione di prodotto speciale - o la capacità di tenere le api sveglie di notte!","Spätere Stufen bieten noch interessantere Effekte, wie z. B. spezielle Naturalien oder das Wachhalten von Bienen in der Nacht!","Las categorías superiores otorgan efectos aún más interesantes, ¡como productos especiales o la capacidad de mantener a las abejas despiertas de noche!","Níveis avançados garantem efeitos ainda mais interessantes, como aumento da produção de itens especiais - ou manter as abelhas acordadas de noite!",レベルの高い種は効果も高いよ。特殊な生産の手助けをしてくれたり、夜でもハチに働かせることができたるするよ！,,,"后面的级别会有更有趣的效果, 比如形成更多特殊产物, 或者让蜜蜂在晚上保持清醒更长时间.",XX
$book3_2_id,,Cross-pollination,XX,Pollinisation croisée,Impollinazione incrociata,Fremdbestäubung,Polinización cruzada,Polinização cruzada,異花受粉,,,异花传粉,XX
$book3_2_page1_1,,Cross-breeding flowers is easy - your bees do all the hard work for you!,XX,Le croisement des fleurs est facile : tes abeilles font tout le travail pour toi !,L'ibridazione dei fiori è semplice - le api faranno tutto il lavoro per te!,Das Kreuzen von Blumen ist ganz einfach - deine Bienen erledigen die ganze Arbeit für dich!,El cruzamiento de flores es pan comido: ¡las abejas se encargan de todo el trabajo!,Cruzamento entre flores é simples - suas abelhas cuidam de tudo para você!,違う種類の花同士で受粉させるのは簡単 - ハチがたくさん働いてくれるよ！,,,"杂交花卉很容易, 你的蜜蜂会为你做所有艰辛的工作!",XX
$book3_2_page1_2,,"When a bee visits a flower it collects some pollen, seeds, and all sorts of other flower goop and takes it back to the hive.",XX,"Lorsqu'une abeille se pose sur une fleur, elle recueille du pollen, des graines et toutes sortes d'autres substances florales qu'elle ramène à la ruche.","Quando un'ape va su un fiore, raccoglie polline, semi e tutto il resto del materiale appiccicoso che trova e lo riporta all'alveare.","Wenn eine Biene eine Blüte besucht, sammelt sie Pollen, Samen und alle möglichen anderen Blütenteile ein und bringt sie zurück in den Bienenstock.","Cuando una abeja visita una flor, recoge algo de polen, semillas y todo tipo de viscosidades florales que después lleva a la colmena.","Quando uma abelha visita uma flor, ela coleta pólen, sementes e outros líquidos viscosos da flor e levam de volta para a colmeia.",ハチが花にとまると花粉やら種やら花についている液体なんかを集めて巣にもって帰るよ。,,,"蜜蜂造访花朵时会采集一些花粉, 种子以及花上各种粘稠的东西, 然后将它们带回蜂巢.",XX
$book3_2_page1_3,,"When using frames in your Apiaries, this goop collects in the frames and gets all mixed together!",XX,"Lorsque tu utilises des cadres dans tes ruchers, cette matière s'accumule dans les cadres et se mélange !",Questo materiale viscoso si raccoglie e si mescola insieme nei telai dei tuoi apiari!,"Wenn du Wabenrähmchen in deinem Bienenstöcken verwendest, sammelt sich diese Masse in den Rähmchen und vermischt sich mit ihnen!","Luego, ¡estas viscosidades se mezclan en los cuadros de tus apiarios!","Ao usar quadros em seu apiário, esses líquidos prendem no quadro e são misturados!",養蜂上でフレームを使うと、液体はフレームに集められてぜんぶミックスされるよ！,,,"在养蜂场中使用巢框时, 这些粘稠的东西会收入巢框中全部混合起来!",XX
$book3_2_page2_1,,"Based on the flowers your bees visit, you'll get different seeds when you extract your frames.",XX,"En fonction des fleurs butinées par tes abeilles, tu obtiendras des graines différentes lorsque tu extrairas tes cadres.","A seconda dei fiori visitati dalle tue api, avrai dei semi differenti che potrai estrarre dai tuoi telai.","Je nachdem, welche Blumen deine Bienen besuchen, erhältst du unterschiedliche Samen, wenn du deine Rähmchen entnimmst.","Según qué flores visiten tus abejas, obtendrás diferentes semillas que podrás extraer de tus cuadros.","Baseado nas flores que as suas abelhas visitarem, você terá sementes diferentes quando removê-las dos seus quadros.",キミのハチがとまった花によって、フレームから回収できる種が変わるよ。,,,"基于你的蜜蜂造访的花卉, 你在提取巢框时将收到不同的种子.",XX
$book3_2_page2_2,,"If you're lucky, the different seeds can mix, giving you new species hybrid seeds!",XX,"Si tu as de la chance, les différentes graines peuvent se mélanger et produire des graines hybrides de nouvelles espèces !","Con un po' di fortuna, semi diversi possono mischiarsi, facendoti ottenere dei semi ibridi di una nuova specie.","Wenn du Glück hast, können sich die verschiedenen Samen vermischen und du erhältst neue Arten von Hybridsamen!","Si tienes suerte, las semillas se cruzarán ¡y obtendrás una nueva especie de semilla híbrida!","Se tiver sorte, as sementes diferentes podem se misturar, gerando uma nova espécie de semente híbrida!",ラッキーなときは、違う種類の種がミックスされてハイブリッド種が手に入るよ！,,,"如果运气好, 不同的种子是可以杂交的. 给你新物种的杂交种子!",XX
$flower1_species,,Honeyrose,XX,Rosamiel,Rosamiele,Honigrose,Rosamiel,Rosa-de-mel,ハニーローズ,,,蜜玫瑰,XX
$flower1_latin,"Latin name for the bee, keep the same if you can. If different you'll need to update all the 'hints' for bees that are mutations of this species, as the hints refer to the bees needed by latin name",Rosa Hydromela,XX,Rosa Hydromela,Rosa Hydromela,Rosa Hydromela,Rosa Hydromela,Rosa Hydromela,Rosa Hydromela,,,Rosa Hydromela,XX
$flower1_hint,Found commonly in game in the forest,A red rose that can be found all over the lush forests that cover most of the Archipelago.,XX,Une rose rouge répandue dans les forêts luxuriantes qui couvrent la majeure partie de l'archipel.,Una rosa rossa che può essere trovata ovunque nella lussureggiante foresta che ricopre gran parte dell'arcipelago.,"Eine rote Rose, die überall in den üppigen Wäldern zu finden ist, die den größten Teil des Archipels bedecken.",Una rosa roja que se encuentra a lo largo de los frondosos bosques que cubren la mayor parte del archipiélago.,Uma rosa vermelha que é encontrada nas florestas verdejantes que se espalham pelo Arquipélago.,諸島の大部分を占める緑豊かな森中で咲いている赤いバラ。,,,在覆盖群岛大部分地区的茂密森林中生长的红玫瑰.,XX
$flower1_desc,,"Known for its sweet scent, the Honeyrose is the most common flower in the Archipelago, and is renowned by Beekeepers for its marvellous calming effects on Apiaries when smoked.",XX,"Connue pour son doux parfum, la Rosamiel est la fleur la plus commune de l'archipel. Les apiculteurs l'apprécient pour son merveilleux effet relaxant sur les ruchers pendant l'enfumage.","Nota per la sua fragranza dolciastra, la rosamiele è il fiore più comune nell'arcipelago ed è nota agli apicoltori per i suoi meravigliosi effetti calmanti sugli apiari quando si usa un affumicatore.","Die für ihren süßen Duft bekannte Honigrose ist die am weitesten verbreitete Blume des Archipels und bei Imkern für ihre wunderbare beruhigende Wirkung auf Bienenstöcke bekannt, wenn sie geräuchert wird.","La rosamiel, conocida por su aroma dulce, es la flor más común del archipiélago. La comunidad apicultora la aprecia por sus maravillosos efectos tranquilizantes cuando se usa en un ahumador.","Conhecida por seu aroma doce, a Rosa-de-mel é a flor mais comum do Arquipélago, e é celebrada pelos Apicultores por seus maravilhosos efeitos calmantes ao serem fumigadas em Apiários.",甘い香りで知られていて、諸島では一番よく見かける花。燻製するとハチを落ち着かせるすばらしい効果があると、養蜂家の間でひとたび有名になった。,,,"蜜玫瑰因甜美的香味而闻名, 是群岛上最常见的花. 将其烟熏时对养蜂场有奇妙的镇静作用, 因此为养蜂人所熟知.",XX
$flower1_effect,,This flower has no special effect.,XX,Cette fleur n'a aucun effet spécial.,Questo fiore non ha nessun effetto speciale.,Diese Blume hat keine besondere Wirkung.,Esta flor no tiene ningún efecto especial.,Essa flor não tem efeitos especiais.,特殊な効果はない。,,,此花无特别效果.,
$flower2_species,,Swarmwort,XX,Lotussaim,Mostosciame,Schwarmkraut,Loto enjambre,Lótus-do-enxame,ブルーロータス,,,蜂草,XX
$flower2_latin,"Latin name for the bee, keep the same if you can. If different you'll need to update all the 'hints' for bees that are mutations of this species, as the hints refer to the bees needed by latin name",Clavus Turba,XX,Clavus Turba,Calvus Turba,Clavus Turba,Clavus Turba,Clavus Turba,Clavus Turba,,,Clavus Turba,XX
$flower2_hint,"Found commonly in game in the forest, grows in water",A blue lotus-type flower that grows in shallow waters.,XX,Une fleur bleue de type lotus qui pousse dans les eaux peu profondes.,Un fiore blu simile al loto che cresce in acque poco profonde.,"Eine blaue lotusartige Blume, die in seichten Gewässern wächst.",Una flor azul de la familia del loto que crece en aguas poco profundas.,Uma espécie de lótus azulada que crescer em águas rasas.,水辺の浅瀬に咲く青いハス科の花。,,,生长在潜水中的蓝色莲类花卉.,XX
$flower2_desc,,This delightful aquatic lotus-like flower thrives in the shallow areas around land. The blue dye produced by processing Swarmwort is one of the most popular dyes used in fashion.,XX,Cette ravissante fleur aquatique aux allures de lotus se développe dans les eaux peu profondes près des terres. Le colorant bleu produit à partir du Lotussaim est très populaires dans le milieu de la mode.,Questo delizioso fiore acquatico simile al loto prospera nelle acque basse intorno alla terraferma. Il colore blu prodotto dal mostosciame trattato è una delle tinture più popolari nell'industria della moda.,"Diese bezaubernde lotusähnliche Wasserblume gedeiht in den flachen Gebieten rund um das Land. Der blaue Farbstoff, der bei der Verarbeitung des Schwarmkrauts entsteht, ist einer der beliebtesten Farbstoffe in der Modebranche.",Esta preciosa flor azul crece en aguas superficiales cerca de la tierra. El loto enjambre se puede procesar para producir un tinte azul muy popular en la industria de la moda.,Esse belíssimo lótus aquático prospera em águas rasas perto da terra. A tintura azul produzida ao processar Lótus-do-enxame é uma das tinturas mais populares da moda.,ハスのような美しい花で、沿岸の浅瀬に生息する。ブルーロータスで作る青色の染料は洋服を作る際一番よくつかわれる。,,,这种类似莲花的可爱水生花卉生长在陆地周围的浅水区域中. 通过处理蜂草得到的蓝色染料是最流行的时尚染料之一.,XX
$flower2_effect,,This flower has no special effect.,XX,Cette fleur n'a aucun effet spécial.,Questo fiore non ha effetti speciali.,Diese Blume hat keine besondere Wirkung.,Esta flor no tiene ningún efecto especial.,Essa flor não tem efeitos especiais.,特殊な効果はない。,,,此花无特别效果.,
$flower3_species,,Beekeeper's Delight,XX,Tournabelle,Delizia dell'apicoltore,Imkerfreude,Sueño de apicultor,Encanto-do-apicultor,養蜂家のよろこび,,,蜂人喜,XX
$flower3_latin,"Latin name for the bee, keep the same if you can. If different you'll need to update all the 'hints' for bees that are mutations of this species, as the hints refer to the bees needed by latin name",Jucundum Apiara,XX,Jucundum Apiara,Jucundum Apiara,Jucundum Apiara,Jucundum Apiara,Jucundum Apiara,Jucundum Apiara,,,Jucundum Apiara,XX
$flower3_hint,Found commonly in game in the forest,A bright yellow sunflower that grows in bright temperate areas.,XX,Un tournesol jaune vif qui pousse dans les zones tempérées lumineuses.,Un girasole dal colore giallo intenso che cresce nelle aree temperate.,"Eine leuchtend gelbe Sonnenblume, die in hellen, gemäßigten Gebieten wächst.",Un girasol de un amarillo brillante que resplandece en zonas con climas templados.,Um girassol amarelo e brilhante que cresce em áreas temperadas e bem iluminadas.,気温が高い場所で生息する明るい黄色のひまわり。,,,"一种亮黄色的向日葵, 生长在明亮温和的区域.",XX
$flower3_desc,,"When the sun shines bright, Beekeeper's Delight shines almost as brightly back! Only found in temperate climates it's seen as a symbol of good luck and a blessing from the Hivemother herself.",XX,"Quand le soleil brille, la Tournabelle le lui rend bien ! Elle ne pousse que dans les climats tempérés. Elle est considérée comme un porte-bonheur et une bénédiction de la Sainte-Reine elle-même.","Quando il sole splende, la Delizia dell'Apicoltore sembra quasi voler rispondere con la stessa intensità! Questo fiore si trova solo nelle zone temperate e viene visto come simbolo di buon auspicio e di benedizione della Madre degli Alveari in persona.","Wenn die Sonne hell scheint, strahlt die Imkerfreude fast genauso hell zurück! Sie kommt nur in gemäßigten Klimazonen vor und gilt als Glückssymbol und als Segen der Bienenmutter persönlich.","Cuando el sol brilla con fuerza, ¡la flor de sueño de apicultor le responde con la misma intensidad! Esta planta, que solo se encuentra en climas templados, se considera un símbolo de buena suerte y una bendición de la mismísima Madre de la Colmena.","Quando o Sol brilha, o Encanto-do-apicultor responde com um brilho tão forte quanto! Apenas encontrado em climas temperados e conhecido como um símbolo de sorte e benção da Mãe das Colmeias.",太陽がキラキラと輝くとき、養蜂家のよろこびも負けじと輝いている！温かい気候でのみ見られ、巣の主自身の幸運と恵みの象徴とされている。,,,"阳光明媚的时候, 蜂人喜会映出几乎同样明亮的光芒! 只在温和气候中生长, 人们认为这种花是好运的象征, 是巢母亲自赐予的祝福.",XX
$flower3_effect,,This flower has no special effect.,XX,Cette fleur n'a aucun effet spécial.,Questo fiore non ha effetti speciali.,Diese Blume hat keine besondere Wirkung.,Esta flor no tiene ningún efecto especial.,Essa flor não tem efeitos especiais.,特殊な効果はない。,,,此花无特别效果.,
$flower4_species,,Honeybriar,XX,Sapicole,Mielespina,Honigbeere,Mielespina,Azamélia,ハニーブライアー,,,蜜蔷薇,XX
$flower4_latin,"Latin name for the bee, keep the same if you can. If different you'll need to update all the 'hints' for bees that are mutations of this species, as the hints refer to the bees needed by latin name",Sentis Mela,XX,Sentis Mela,Sentis Mela,Sentis Mela,Sentis Mela,Sentis Mela,Sentis Mela,,,Sentis Mela,XX
$flower4_hint,A crossbreed of Flower1 + Flower2 that increases the productivity trait of bees working nearby,A common hybrid of Apiara and Turba that all budding Florist's start out with!,XX,Hybride commun de l'Apiara et de la Turba par laquelle commencent tous les fleuristes en herbe !,Un comune ibrido di Hydromela e Turba con cui iniziano tutti i fioristi in erba!,"Eine gewöhnliche Kreuzung aus Apiara und Turba, mit der alle angehenden Floristen beginnen!",Una cruza común entre Hydromela y Turba: ¡los inicios de todo florista!,Uma híbrida comum da Hydromela e Turba que todos os Floricultores iniciantes começam!,よく見かけるブルーロータスと養蜂家のよろこびのハイブリッド種。ビギナーはまずこれを育てよう！,,,"蜂人喜和蜂草常见的杂交种, 所有新手花匠的练手作品!",XX
$flower4_desc,,"One of the most common cross-bred flowers, the Honeybriar releases a scent that energises and excites nearby bees, increasing the overall productivity of the hive.",XX,"La Sapicole, l'une des fleurs croisées les plus courantes, dégage un parfum qui revigore et stimule les abeilles à proximité, augmentant ainsi la productivité globale de la ruche.","Il mielespina, uno dei fiori di razza incrociata più comune, rilascia una fragranza che rivitalizza ed eccita le api nei paraggi, aumentando la produttività complessiva dell'alveare.","Die Honigbeere ist eine der am häufigsten gekreuzten Blumen und verströmt einen Duft, der die Bienen in der Nähe anregt und die Gesamtproduktivität des Bienenstocks erhöht.","La mielespina es una de las cruzas de flores más comunes. Libera un aroma que vitaliza y da energía a las abejas cercanas, lo que aumenta la productividad de la colmena.","Uma das flores híbridas mais comuns, a Azamélia solta um aroma que energiza e empolga as abelhas próximas, aumentando a produção geral da colmeia.",交配してできる花で一番よく見かける種。ハニーブライアーの香りは近くにいるハチを元気にさせ興奮させるため、巣にいるハチの生産性が上がる。,,,"蜜蔷薇是最常见的杂交花卉之一, 其释放的气味能让附近的蜜蜂兴奋且充满活力, 增加蜂群的总体生产力.",XX
$flower4_effect,,"This flower increases the productivity of bees, increasing the amount of produce gained.",XX,"Cette fleur stimule la productivité des abeilles, ce qui accroît le volume de la récolte.","Questo fiore migliora la produttività delle api, aumentando la quantità di prodotto.",Diese Blume steigert die Produktivität der Bienen und erhöht die Menge der gewonnenen Produkte.,"Esta flor aumenta la productividad de las abejas, lo que da como resultado una mayor cantidad de productos.","Essa flor aumenta a produtividade das abelhas, aumentando o número de produtos adquiridos.",ハチの生産性を上げることができ、たくさんの生産物が手に入る。,,,"这种花能增加蜜蜂的生产力, 从而增加产量.",
$flower5_species,,Goldenrod,XX,Pollenaire royale,Steldorato,Goldrute,Varadorada,Caule-dourado,アキノキリンソウ,,,秋麒麟花,XX
$flower5_latin,"Latin name for the bee, keep the same if you can. If different you'll need to update all the 'hints' for bees that are mutations of this species, as the hints refer to the bees needed by latin name",Virga Flava,XX,Virga Flava,Virga Flava,Virga Flava,Virga Flava,Virga Flava,Virga Flava,,,Virga Flava,XX
$flower5_hint,A crossbreed of Flower1 + Flower3 that increases the lifespan trait of bees working nearby,A golden orange flower that can be cross-bred from Hydromela and Apiara.,XX,"Une fleur orange doré, issue d'un croisement entre Hydromela et Apiara.",Un fiore color arancio che può essere ottenuto incrociando Hydromela e Apiara.,"Eine goldorangefarbene Blume, die aus Hydromela und Apiara gekreuzt werden kann.",Una flor naranja dorada que se puede conseguir cruzando Hydromela con Apiara.,Uma flor de cor alaranjada dourada que surge da mistura de Hydromela e Apiara.,黄色とオレンジがまざったような色のこの花はハニーローズと養蜂家のよろこびを交配させると生産できる。,,,"金橙色的花, 可由蜜玫瑰与蜂人喜杂交获得.",XX
$flower5_desc,,"A magnificent hybrid flower, the Goldenrod is said to bring good fortune to those near. Favoured by the more 'royal' bee families, the pollen from this flower increases the lifespan of bees.",XX,"Magnifique fleur hybride, la Pollenaire royale est réputée porter bonheur à ceux qui l'approchent. Prisée par les familles d'abeilles les plus « royales », le pollen de cette fleur augmente la durée de vie des abeilles.","Si dice che lo Steldorato, un magnifico fiore ibrido, porti fortuna a chi si trova nelle sue vicinanze. Prediletto dalle famiglie di api più 'reali', il polline di questo fiore aumenta la speranza di vita delle api.","Die Goldrute ist eine prächtige Hybridblume, der man nachsagt, dass sie den Menschen in ihrer Nähe Glück bringt. Der Pollen dieser Blume wird von den 'königlichen' Bienenfamilien bevorzugt und erhöht die Lebenserwartung der Bienen.","La varadorada es una flor híbrida magnífica. Se dice que trae fortuna a quienes la rodean. El polen de esta flor aumenta la longevidad de las abejas, y es la favorita de las familias de abejas 'reales'.","Uma magnífica flor híbrida, diz-se que Caules-dourados trazem sorte a quem está próximo. Adorada pelas famílias 'reais' de abelha, o pólen dessa flor aumenta o tempo de vida de abelhas.",華麗な美しさをもつハイブリッド種、アキノキリンソウは幸運をもたらすと言われている。「皇族」系統のハチから好まれ、この花の花粉はハチの寿命を延ばす。,,,"秋麒麟花是一种美丽的杂交花卉, 据说能给周围带来好运. 这种花备受'皇家'蜜蜂族群的欢迎, 其花粉能延长蜜蜂的寿命.",XX
$flower5_effect,,"This flower increases the lifespan of bees, increasing the life of Queens.",XX,Cette fleur augmente la durée de vie des abeilles.,"Questo fiore fa aumentare la longevità delle api, aumentando la vita delle regine.",Diese Blume erhöht die Lebenserwartung der Bienen und verlängert die Lebensdauer der Königinnen.,"Esta flor aumenta la longevidad de las abejas, lo que alarga la vida de las reinas.","Essa flor aumenta o tempo de vida das abelhas, aumentando a vida das Rainhas.",ミツバチの寿命を延ばし、女王バチの寿命も延ばす。,,,"此花能延长蜜蜂的寿命, 延长蜂后的寿命.",
$flower6_species,,Beesknees,XX,Nénumiel,Agape d'ape,Wasserbielie,Ala de abeja,Mel-na-chupeta,ビーズニーズ,,,蜂膝花,XX
$flower6_latin,"Latin name for the bee, keep the same if you can. If different you'll need to update all the 'hints' for bees that are mutations of this species, as the hints refer to the bees needed by latin name",Genu Apisa,XX,Aqua Apisa,Genu Apisa,Genu Apisa,Genu Apisa,Genu Apisa,Genu Apisa,,,Genu Apisa,XX
$flower6_hint,A crossbreed of Flower2 + Flower1 that grows in water and increases the fertility trait of bees working nearby,"This deep purple hybrid flower is aquatic, thanks to its mix of Turba and Hydromela species traits.",XX,Cette fleur hybride d'un violet profond est aquatique grâce à son mélange de caractères des espèces Turba et Hydromela.,"Quest'ibrido viola scuro è un fiore acquatico, grazie al suo mix di caratteristiche tratte da Turba e Hydromela.",Diese tiefviolette Hybridblume lebt dank ihrer Mischung aus Turba- und Hydromela-Arten im Wasser.,"Gracias a la mezcla de rasgos de Turba e Hydromela, esta flor híbrida púrpura crece en hábitats acuáticos.","Essa flor híbrida roxo-escura é aquática, graças a uma mistura de características da Turba e Hydromela.",深い紫色のハイブリッド種。ブルーロータスとハニーローズの系統をひいていて、水辺に生息する。,,,"因为混合了蜂草和蜜玫瑰的特质, 所以这种深紫色的杂交花卉是水生的.",XX
$flower6_desc,,"With its deep purple hue, Beesknees certainly stands out in the crowd. Its scent affects queen bees, making them produce more offspring than they would normally.",XX,"Avec sa teinte violette intense, le Nénumiel se fait facilement remarquer. Son odeur a un effet sur les reines d'abeilles, les incitant à engendrer une plus abondante progéniture.","Il colore viola scuro fa certamente risaltare l'agape d'ape rispetto agli altri fiori. Il suo profumo condiziona le api regine, facendo produrre loro una prole molto maggiore del normale.","Mit ihrer tiefvioletten Farbe sticht Wasserbielie sicherlich aus der Masse heraus. Ihr Duft wirkt sich auf Bienenköniginnen aus, so dass sie mehr Nachkommen produzieren als normalerweise.","Con su color púrpura oscuro, la flor de ala de abeja resalta entre el montón. Su aroma afecta a las abejas reinas y provoca que produzcan más crías de lo normal.","Com seu tom roxo profundo, Mel-na-chupeta realmente chama a atenção. Seu aroma afeta as rainhas, fazendo que gerem mais prole que o normal.",深い紫色をしていることからビーズニーズはどこでも目立つ。香りは女王バチに対して効果があり、通常より多く子孫をはん栄させる。,,,"蜂膝花那深紫的色调使其在一众花卉中脱颖而出. 它的气味能对蜂后产生影响, 使其比正常情况下产出更多后代.",XX
$flower6_effect,,"This flower increases the fertility of bees, increasing the amount of offspring.",XX,"Cette fleur stimule la fertilité des abeilles, ce qui accroît le nombre de progénitures.","Questo fiore aumenta la fertilità delle api, aumentando la quantità di prole prodotta.",Diese Blume steigert die Fruchtbarkeit der Bienen und erhöht die Anzahl der Nachkommen.,"Esta flor aumenta la fertilidad de las abejas, por lo que producen más crías.","Essa flor aumenta a fertilidade das abelhas, aumentando o número de prole.",ハチの生産効率を上げ、子バチの数を増やす。,,,"这种花能增加蜜蜂的繁殖力, 从而增加后代的数量.",
$flower7_species,,Hivesbane,XX,Aconit des ruches,Flagello degli alveari,Bienenstock-Kraut,Colmenólito,Perdição-das-colmeias,ポイズンローズ,,,巢祸花,XX
$flower7_latin,"Latin name for the bee, keep the same if you can. If different you'll need to update all the 'hints' for bees that are mutations of this species, as the hints refer to the bees needed by latin name",Pestia Alva,XX,Pestia Alva,Pestia Alvia,Pestia Alva,Pestia Alva,Pestia Alva,Pestia Alva,,,Pestia Alva,XX
$flower7_hint,"A black rose found commonly in the swamps, it decreases the stability trait of bees working nearby (meaning more chance for mutation - which is a good thing as it leads to new species)","A dark rose-like flower, found naturally in the dense swamps.",XX,"Une fleur semblable à une rose noire, que l'on trouve naturellement dans les marais profonds.","Un fiore scuro simile alla rosa, che si trova normalmente tra le paludi più dense.","Eine dunkle, rosenähnliche Blume, die in der Natur in tiefen Sümpfen vorkommt.",Una flor similar a la rosa de color oscuro que se encuentra en los pantanos más densos.,"Uma flor que se parece uma rosa escura, encontrada naturalmente em pântanos densos.",暗い色のバラのような花。濃い沼地に生息する。,,,"暗色的玫瑰类花卉, 自然生长在植物茂密的沼泽中.",XX
$flower7_desc,,"Found commonly in the swamps, Hivesbane has prickly black rose-like appearance. The sharp petals can lead to some distress in bees, causing them to act unpredictable.",XX,"Répandue dans les marais, l'Aconit des ruches a l'apparence d'une rose noire épineuse. Les pétales pointus peuvent provoquer des troubles chez les abeilles et les rendre imprévisibles.","Il flagello degli alveari, molto comune nelle paludi, ha l'aspetto di una rosa spinata nera. I suoi petali affilati possono causare delle difficoltà alle api che inizieranno ad agire in modo imprevedibile.","Das in den Sümpfen weit verbreitete Bienenstock-Kraut hat ein stacheliges, schwarzes, rosenartiges Aussehen. Die scharfen Blütenblätter können bei Bienen zu einer gewissen Beunruhigung führen, sodass sie sich unberechenbar verhalten.","La flor de colmenólito se parece a una rosa negra con espinas y se encuentra comúnmente en pantanos. Sus pétalos afilados pueden causar molestias a las abejas, lo que las hace actuar de forma impredecible.","Comumente encontrada em pântanos, a Perdição-das-colmeias se parece com uma rosa preta e espinhenta. Suas pétalas afiadas estressam as abelhas, fazendo com que ajam de maneira imprevisível.",沼地で見かけられ、トゲのあるバラに似た見た目をしている。鋭利な花びらにハチは驚くことがあり、その際ハチは予想外のふるまいをする。,,,"巢祸花常见于沼泽之中, 外表像是多刺的黑玫瑰. 它尖锐的花瓣会给蜜蜂带来苦恼, 使其做出一些无法预测的行为.",XX
$flower7_effect,,"This flower decreases the stability of bees, increasing the chance of mutation.",XX,"Cette fleur diminue la stabilité des abeilles, ce qui accroît les chances de mutation.","Questo fiore diminuisce la stabilità delle api, aumentando la possibilità di mutazioni.",Diese Blume vermindert die Stabilität der Bienen und erhöht die Wahrscheinlichkeit von Mutationen.,"Esta flor disminuye la estabilidad de las abejas, lo que aumenta la probabilidad de mutaciones.","Essa flor diminui a estabilidade das abelhas, aumentando a chance de mutação.",ハチの安定性を低下させ、変異の可能性を向上させる。,,,"这种花能降低蜜蜂的稳定性, 增加变异的几率.",
$flower8_species,,Pondshine,XX,Éclat d'étang,Splendor d'acqua,Teichlicht,Estánquea,Brilho-do-lago,ポンドシャイン,,,池光花,XX
$flower8_latin,"Latin name for the bee, keep the same if you can. If different you'll need to update all the 'hints' for bees that are mutations of this species, as the hints refer to the bees needed by latin name",Lux Lacuna,XX,Lux Lacuna,Lux Lacuna,Lux Lacuna,Lux Lacuna,Lux Lacuna,Lux Lacuna,,,Lux Lacuna,XX
$flower8_hint,"A white lotus found commonly in the swamps, only growing in water. It lights up at night and will keep daytime bees active later into the night than usual (as if the light was keeping the bees awake for longer)",A remarkable luminescent lotus that can be found in shallows near the swamps.,XX,Un remarquable lotus luminescent que l'on trouve dans les eaux peu profondes près des marais.,Un loto dalla notevole luminiscenza che si può trovare nelle secche nei pressi delle paludi.,"Ein bemerkenswerter leuchtender Lotus, der in seichten Gewässern nahe der Sümpfe zu finden ist.",Un loto notoriamente luminiscente que se puede encontrar en aguas poco profundas cerca de pantanos.,Um lótus memoravelmente luminoso que é encontrado nas águas rasas próximas de pântanos.,きれいに発光するハスの花。湿地周辺の浅瀬で見られる。,,,"漂亮的发光莲花, 生长于沼泽附近浅水中.",XX
$flower8_desc,,"A natural marvel, Pondshine is a bioluminescent flower that grows in the shallows of the swamps. The light it provides at night keeps nearby bees active much later than they would naturally.",XX,"Merveille naturelle, l'Éclat d'étang est une fleur bioluminescente qui pousse dans les eaux peu profondes des marais. La lumière qu'elle diffuse la nuit permet aux abeilles voisines de rester actives plus longtemps.","Lo splendor d'acqua, una vera meraviglia della natura, è un fiore bioluminescente che cresce nelle secche delle paludi. La luce che emana di notte consente alle api nei paraggi di rimanere attive per molto più tempo del normale.","Ein Wunder der Natur: Das Teichlicht ist eine biolumineszente Blume, die in den seichten Gewässern nahe der Sümpfe wächst. Das Licht, das sie nachts spendet, sorgt dafür, dass die Bienen in der Nähe viel später aktiv werden, als sie es von Natur aus würden.","La estánquea, una verdadera maravilla de la naturaleza, es una flor bioluminiscente que crece en las aguas superficiales de los pantanos. La luz que emite durante la noche mantiene a las abejas activas hasta mucho más tarde de lo que normalmente estarían.","Uma maravilha da natureza, o Brilho-do-lago é uma flor bioluminescente que cresce nas águas do pântano. A luz que provém a noite mantém as abelhas até muito mais tarde do que ficariam naturalmente.",自然の不思議とも言える、ポンドシャインは湿地周辺の浅瀬に咲く生物発光の花。夜にこの花の光があると、近くにいるハチは通常よりかなり遅くまで働くことができる。,,,"池光花生长于沼泽的浅水中, 是大自然的奇迹, 它的花能发出生物光. 它在夜间发出的光能使周围的蜜蜂活动到比自然情况下晚得多的时间.",XX
$flower8_effect,,This flower keeps bees up for a few hours longer into the night.,XX,Cette fleur permet aux abeilles de rester éveillées quelques heures de plus la nuit.,Questo fiore tiene le api sveglie più a lungo durante le ore notturne.,Diese Blume hält die Bienen einige Stunden länger in der Nacht wach.,Esta flor mantiene a las abejas despiertas durante más tiempo a la noche.,Essa flor mantém abelhas ativas por mais algumas horas de noite.,日が暮れても数時間ハチを働かせ続けることができる。,,,这种花能使蜜蜂在入夜后继续多活动数小时.,
$flower9_species,,Honeydrop,XX,Midromel,Goccia di miele,Honigtropfen,Rocío de miel,Gota-de-mel,ハニードロップ,,,蜜滴花,XX
$flower9_latin,"Latin name for the bee, keep the same if you can. If different you'll need to update all the 'hints' for bees that are mutations of this species, as the hints refer to the bees needed by latin name",Stilla Mela,XX,Stilla Mela,Stilla Mela,Stilla Mela,Stilla Mela,Stilla Mela,Stilla Mela,,,Stilla Mela,XX
$flower9_hint,"A gold flower that grows in the snow, it increases the stability of nearby bees meaning less chance for mutation",A sparkling gold flower that can be found naturally in colder climates,XX,Une fleur dorée étincelante que l'on trouve naturellement dans les climats froids.,Un brillante fiore dorato che si trova in natura nei climi più freddi.,"Eine goldglänzende Blume, die natürlich in kälteren Klimazonen vorkommt",Una flor dorada brillante que crece en climas fríos.,Uma flor dourada e brilhante que é encontrada naturalmente em climas frios.,気温が低い場所で自然に生息する黄金の花,,,"发出闪闪金光的花朵, 自然生长在较冷的气候中.",XX
$flower9_desc,,"An exquisite flash of colour in an otherwise white wasteland, the Honeydrop brings a soothing presense to queen bees, keeping them more stable and their offspring to be more consistent across generations. ",XX,"Un éclat de couleur exquis dans une vaste étendue blanche, le Midromel est une source d'apaisement pour les reines abeilles. Elles sont ainsi plus stables et leur progéniture est plus équilibrée d'une génération à l'autre.","Il goccia di miele è uno squisito guizzo di colore in una vasta desolazione bianca. Il fiore è una presenza calmante per le api regine, rendendole più stabili e consentendo alla loro prole di essere più consistente di generazione in generazione.","Als exquisiter Farbtupfer in einer ansonsten weißen Einöde verleiht das Honigtropfengewächs den Bienenköniginnen einen beruhigenden Glanz, der sie stabiler und ihre Nachkommenschaft über Generationen hinweg beständiger macht.","La flor de rocío de miel es un pincelazo de colores en medio de un blanco infinito. Esta planta tranquiliza a las abejas reinas y les da más estabilidad, lo que garantiza que sus crías sean más constantes generación tras generación. ","Um brilho de cor único nos campos gélidos, a Gota-de-mel traz paz as rainhas, mantendo-as mais estáveis, e sua prole mais consistente ao longo das gerações.",白銀の荒野で優美な光を放つハニードロップは女王バチの癒しとなり安定をもたらし、子孫の遺伝子も安定する。,,,"一片白色的荒原中, 只有蜜滴带来了一闪而过的精致色彩. 它能为蜂后带来抚慰的感受, 使其更加稳定, 并使其之后的世代也更加恒定.",XX
$flower9_effect,,"This flower increases the stability of bees, decreasing the chance of mutation.",XX,"Cette fleur augmente la stabilité des abeilles, ce qui réduit les chances de mutation.","Questo fiore aumenta la stabilità delle api, diminuendone la capacità di mutazione.",Diese Blume erhöht die Stabilität der Bienen und verringert die Wahrscheinlichkeit von Mutationen.,"Esta flor aumenta la estabilidad de las abejas, lo que disminuye la probabilidad de mutaciones.","Essa flor aumenta a estabilidade das abelhas, diminuindo a chance de mutação.",ハチの安定性を向上させ、変異の可能性を低下させる。,,,"这种花能增加蜜蜂的稳定性, 降低变异的几率.",
$flower10_species,,Frosteria,XX,Glacine,Glacinia,Frosteria,Escarchalia,Glacínia,フロステリア,,,寒裕花,XX
$flower10_latin,"Latin name for the bee, keep the same if you can. If different you'll need to update all the 'hints' for bees that are mutations of this species, as the hints refer to the bees needed by latin name",Floris Gelus,XX,Floris Gelus,Floris Gelus,Floris Gelus,Floris Gelus,Floris Gelus,Floris Gelus,,,Floris Gelus,XX
$flower10_hint,"A turqoise flower that grows in the snow, it increases the amount of 'special' produce each bee species makes. (each species has a special product unique to that species along with common stuff like beeswax and honey that all bees make)",A hardy flower with a deep turquoise hue that thrives in extreme cold conditions,XX,Une fleur vivace à la teinte turquoise intense qui s'épanouit dans des conditions de froid extrême.,Un fiore resistente di un colore turchese intenso che prospera anche in condizioni climatiche di freddo estremo.,"Eine widerstandsfähige Blume mit tiefem Türkis, die auch unter extrem kalten Bedingungen gedeiht",Una flor resistente de color turquesa oscuro que crece en condiciones de frío extremo.,Uma flor resistente com uma coloração turquesa que prospera em frios extremos.,深いターコイズ色の丈夫な花で、非常に低気温の地に生息する,,,"饱含深蓝绿色光泽的耐寒花卉, 在极寒条件下也能茁壮成长.",XX
$flower10_desc,,"An extremely hardy flower that can survive even the most fierce frosts. The nectar from Frosteria is extremely rich, causing hives to overproduce more than they would when sourcing their food elsewhere.",XX,"Une fleur extrêmement résistante capable de survivre aux plus terribles gelées. Le nectar de la Glacine est particulièrement riche, ce qui favorise la production des ruches par rapport aux autres sources d'approvisionnement.","Un fiore estremamente resistente che può sopravvivere anche al gelo più intenso. Il nettare della Glacinia è estremamente ricco e innesca una superproduzione negli alveari, maggiore di quella che avviene quando le api cercano il loro cibo altrove.","Eine äußerst widerstandsfähige Blume, die selbst den stärksten Frost überstehen kann. Der Nektar von Frosteria ist extrem reichhaltig, sodass die Bienenstöcke mehr produzieren, als es bei anderweitigen Nahrungsquellen der Fall wäre.","Una flor sumamente resistente que puede sobrevivir hasta en la peor de las ventiscas. El néctar de la escarchalia es muy rico, y provoca que las colmenas aumenten su producción en gran medida en comparación con cualquier otro alimenta.","Uma flor extremamente resistente que sobrevive a mais poderosa das geadas. O néctar da Glacínia é muito rico, fazendo com que as colmeias produzam muito mais do que quando se alimentam de outras fontes.",非常に丈夫な花で、すさまじい寒さの中でも生きのびる。フロステリアの蜜はすごく濃厚で、他の場所で食糧を調達するのに比べ巣の生産性が高い。,,,"极其耐寒的花卉, 即使在最严酷的霜寒中也能存活. 寒裕花富含极多花蜜, 能使蜂群比在其它地方采食时获得更多产出.",XX
$flower10_effect,,This flower increases the amount of special produce a species will fill a frame with.,XX,Cette fleur augmente la quantité de produits spéciaux qu'une espèce peut remplir dans un cadre.,Questo fiore aumenta la quantità di produzione speciale con cui una specie riempirà un telaio.,"Diese Blume erhöht die Menge an speziellen Naturalien, mit denen eine Art die Rähmchen füllen kann",Esta flor aumenta la cantidad de productos especiales con los que llena un cuadro una especie.,Essa flor aumenta a produção de produtos especiais que uma espécie enche seus quadros.,ハチがフレームに生産する特殊な生産物の量が増加する。,,,这种花能增加巢框中蜂种特殊产物的数量.,
$flower11_species,,Hivanium,XX,Mellivère,Favanio,Stockanium,Panalia,Colmelia,ハイバニウム,,,巢旺花,XX
$flower11_latin,"Latin name for the bee, keep the same if you can. If different you'll need to update all the 'hints' for bees that are mutations of this species, as the hints refer to the bees needed by latin name",Floris Alveare,XX,Floris Alveare,Floris Alveare,Floris Alveare,Floris Alveare,Floris Alveare,Floris Alveare,,,Floris Alveare,XX
$flower11_hint,A crossbreed of flower8 and flower9 that acts like an 'opposite' to flower8 - it keeps nocturnal bees up for longer in the morning,A bright lime-coloured aquatic flower with roots in Lacuna and Mela families,XX,Une fleur aquatique vert vif issue d'un croisement entre Lacuna et Mela.,Un fiore acquatico luminoso color lime con radici nelle famiglie Lacuna e Mela.,Eine leuchtend hellgrüne Wasserblume mit Wurzeln in den Familien Lacuna und Mela,Una flor acuática de color lima brillante con raíces en las familias Lacuna y Mela.,"Uma flor aquática de cor verde brilhante, descendente das famílias Lacuna e Mela",明るいライムグリーンの水辺に生息する花。ポンドシャインと「ハニー」系植物の系統をひく,,,"亮黄绿色的水生花卉, 源于池光花与蜜滴花类植物.",XX
$flower11_desc,,"Many plants produce bitter chemicals to discourage wildlife from eating them. Not so Hivanium, which secretes a potent stimulant from its flowers. Some islanders have even taken to brewing Hivanium tea to give them a little 'boost'!",XX,"De nombreuses plantes produisent des substances chimiques amères pour décourager la faune de les manger. Ce n'est pas le cas de la Mellivère, dont les fleurs sécrètent un puissant stimulant. Certains habitants se sont même mis à préparer du thé à la Mellivère pour se donner un petit coup de fouet !","Molte piante producono sostanze chimiche acide per dissuadere gli animali selvatici dal mangiarle. Non il favanio, che secerne un potente stimolante dai suoi fiori. Alcuni isolani hanno cominciato a usare questo fiore perfino per il tè per dargli una piccola 'spinta'!","Viele Pflanzen produzieren Bitterstoffe, um Wildtiere davon abzuhalten, sie zu fressen. Nicht so Stockanium, das aus seinen Blüten ein starkes Stimulans absondert. Einige Inselbewohner haben sogar Stockanium-Tee gebraut, um sich einen kleinen 'Schub' zu verschaffen!",Muchas plantas producen sustancias amargas para disuadir a los animales de que se las coman. Pero la panalia no es el caso: esta flor segrega un poderoso estimulante con sus flores. ¡Muchos isleños preparan un té de panalia como estimulante!,"Muitas plantas produzem toxinas amargas para afastar animais. Mas não a Colmelia, que secreta um estimulante potente de suas flores. Alguns habitantes da ilha até mesmo preparam chás com Colmelia para um 'estímulo' extra.",多くの植物が、動物からの捕食から身を守るために苦い物質を生み出している。ハイバニウムは例外で、花から強力な興奮剤を分泌している。時々「ハイ」になるためにハイバニウムティーを淹れる島民もいる！,,,"许多植物会产生苦味化学物质以劝退想吃掉它们的野生动物. 但巢旺花不一样, 它的花朵会分泌一种强效的兴奋剂. 一些岛民甚至开始用巢旺煮茶喝, 以获得一点'提神'的效果!",XX
$flower11_effect,,This flower keeps bees up for a few hours longer into the day.,XX,Cette fleur permet aux abeilles de rester éveillées quelques heures de plus la journée.,Questo fiore tiene le api sveglie per più ore durante il giorno.,Diese Blume hält die Bienen einige Stunden länger am Tag wach.,Esta flor mantiene a las abejas despiertas durante más tiempo durante el día.,Essa flor mantém as abelhas trabalhando por mais algumas horas durante o dia.,日が昇ってもハチを数時間働かせることができる。,,,这种花能使蜜蜂在日出后继续多活动数小时.,
$flower12_species,,Combristle,XX,Chardayon,Durasetola,Biestel,Abejarita,Brinco-de-mel,ブラシグサ,,,巢鬃花,XX
$flower12_latin,"Latin name for the bee, keep the same if you can. If different you'll need to update all the 'hints' for bees that are mutations of this species, as the hints refer to the bees needed by latin name",Mella Seta,XX,Mella Seta,Mella Seta,Mella Seta,Mella Seta,Mella Seta,Mella Seta,,,Mella Seta,XX
$flower12_hint,"A crossbreed of flower5 and flower7 that decreases the lifespan of bees working nearby, leading to quicker offspring turnover (a good thing in some cases)",A tough spiky flower that can be cross-bred from Flava and Alva,XX,Une fleur épineuse coriace issue d'un croisement entre Flava et Alva.,Un robusto fiore appuntito ottenuto incrociando Flava e Alva.,"Eine robuste, stachelige Blume, die aus Flava und Alva gekreuzt werden kann",Una flor resistente y espinada que se puede conseguir cruzando Flava con Alva.,Uma flor resistente e espinhenta criada pela mistura de Flava e Alva.,丈夫で気難しいタイプの花で、アキノキリンソウとポイズンローズの交配種,,,"坚韧的带刺花卉, 通过秋麒麟花与巢祸花杂交得到",XX
$flower12_desc,,"Vastly unpopular with beekeepers and pet owners alike, Combristle is seen as an omen of bad fortune. In fact, research suggests it actually poisons nearby Hives, but the results are yet inconclusive.",XX,"Très mal vu par les apiculteurs et les propriétaires d'animaux domestiques, le Chardayon est considéré comme un mauvais présage. D'après certaines études, cette plante empoisonnerait les ruches voisines, mais les résultats ne sont pas encore concluants.","Estremamente sgradito agli apicoltori e ai proprietari di animali domestici, il durasetola è spesso considerato un presagio di sfortuna. Infatti, alcune ricerche sostengono che questo fiore potrebbe essere in grado di avvelenare gli alveari vicini, anche se non ci sono prove definitive in merito.","Die Biestel ist sowohl bei Imkern als auch bei Tierhaltern äußerst unbeliebt und wird als Unglücksbringer angesehen. Untersuchungen deuten sogar darauf hin, dass sie Bienenstöcke in der Nähe vergiftet, aber die Ergebnisse sind noch nicht stichhaltig.","La abejarita goza de muy mala reputación entre la comunidad apicultora y quienes poseen mascotas, y se la considera de mal augurio. Las investigaciones indican que esta planta envenena las colmenas cercanas, pero los resultados no son concluyentes.","Impopular entre os apicultores e donos de bichinhos, a Brinco-de-mel é vista como sinal de azar. Na verdade, pesquisas indicam que ela envenena Colmeias próximas, mas os resultados não são precisos.",＿は養蜂家やペットを飼う人に非常に人気がなく、不運の兆しだと言われている。実際に近くにある巣に毒をもたらすという研究結果も出ているが、まだその結果は決定的とは言えない。,,,"巢鬃花被认为是厄运的预兆, 十分不受养蜂人和宠物主欢迎. 确实, 有研究表明它会毒害周围的蜂巢, 但还不能下定论.",XX
$flower12_effect,,"This flower decreases the lifespan of bees, making the Queen have a shorter lifespan.",XX,Cette fleur diminue la durée de vie des abeilles.,"Questo fiore fa diminuire la speranza di vita delle api, rendendo la regina meno longeva.",Diese Blume verkürzt die Lebensdauer der Bienen und damit auch die Lebenszeit der Königin.,"Esta flor disminuye la longevidad de las abejas, lo que acorta la vida de las reinas.","Essa flor diminui o tempo de vida das abelhas, fazendo as Rainhas viverem menos.",ハチの寿命を縮め、女王バチの寿命も短くなる。,,,"这种花会缩短蜜蜂的寿命, 使蜂后的寿命缩短.",
$flower13_species,,Beewell,XX,Apinolia,Aperfezione,Bienenwohl,Poléndula,Melioras,ビーウェル,,,蜂福花,XX
$flower13_latin,"Latin name for the bee, keep the same if you can. If different you'll need to update all the 'hints' for bees that are mutations of this species, as the hints refer to the bees needed by latin name",Apisa Bene,XX,Apisa Bene,Apisa Bene,Apisa Bene,Apisa Bene,Apisa Bene,Apisa Bene,,,Apisa Bene,XX
$flower13_hint,A crossbreed of flower6 and flower7 that increases the amount of honey a bee will produce.,This pink-ish flower is a more favoured offshoot from Apisa and Flava,XX,Cette fleur rose est une variété très appréciée issue d'un croisement entre Apisa et Flava.,"Questo fiore rosato è un incrocio molto apprezzato, ottenuto da Apisa e Flava.",Diese rosafarbene Blüte ist ein beliebter Ableger von Apisa und Flava,Esta flor rosácea es una cruza entre Apisa y Flava con más bondades.,Essa flor rosada é uma amada ramificação de Apisa e Flava.,非常に人気のあるピンクがかった花で、ビーズニーズとアキノキリンソウの系統をひく,,,这种粉红花卉是蜂膝花与秋麒麟花广受欢迎的分支,XX
$flower13_desc,,"Highly sought after and rare to find in nature, Beewell has such an invigorating effect on nearby hives to almost be unnatural. Such is their value in apiculture, owning even one flower is a closely guarded secret.",XX,"Très recherchée et rare à trouver dans la nature, l'Apinolia a un tel effet vivifiant sur les ruches voisines que c'en est presque contre nature. Leur valeur en apiculture est telle que la possession d'une seule fleur est tenue au secret.","Molto ricercato e raro da trovare in natura, l'Aperfezione ha un effetto talmente rinvigorente sugli alveari vicini da sembrare quasi innaturale. È tale il suo valore nell'apicoltura, che possederne anche solo un fiore è un segreto da custodire gelosamente.","Das begehrte und in der Natur selten anzutreffende Bienenwohl hat eine so belebende Wirkung auf Bienenstöcke in der Nähe, dass sie fast unnatürlich wirkt. Sein Wert in der Imkerei ist so groß, dass der Besitz einer einzigen Blüte ein streng gehütetes Geheimnis ist.","Esta planta es muy codiciada y rara vez se la encuentra en estado natural. Tiene un efecto reconstituyente, casi sobrenatural, en las colmenas cercanas. Tal es su valor para la agricultura que incluso una flor de esta especie se guarda como el mejor de los secretos.","Muito procurada e dificilmente encontrada na natureza, a Melioras tem um efeito tão revigorante nas colmeias que parece quase sobrenatural. Seu valor na apicultura é tão grande que até mesmo uma flor é protegida em segredo.",多くの人が探し求めているが、自然界ではあまり見つけることができない。ビーウェルが近くにあると巣は活性化する。養蜂の世界で非常に価値の高い花で、たった1本でも持っていることはみんな内緒にしている。,,,"蜂福花极为抢手, 而且在自然界中非常罕见. 它对附近的蜂巢有强力到几乎非自然的振奋效果. 它在养蜂业中的价值极高, 因此即使只拥有一朵也是要严格保守的秘密.",XX
$flower13_effect,,This flower increases the amount of honey a species will fill a frame with.,XX,Cette fleur augmente la quantité de miel qu'une espèce peut remplir dans un cadre.,Questo fiore aumenta la produzione di miele con cui una specie può riempire un telaio.,"Diese Blüte erhöht die Menge an Honig, mit der eine Art Rähmchen füllen kann.",Esta flor aumenta la cantidad de miel con los que llena un cuadro una especie.,Essa flor aumenta a quantidade de mel que uma espécie enche seus quadros.,ハチがフレームを埋めるハチミツの量を増加させる。,,,这种花能增加巢框中蜂种蜂蜜的产量.,
$flower14_species,,Honeylip,XX,Jolilys,Bocca di Miele,Honiglippe,Labiamele,Lábios-de-mel,ハニーリップ,,,,
$flower14_latin,"Latin name for the bee, keep the same if you can. If different you'll need to update all the 'hints' for bees that are mutations of this species, as the hints refer to the bees needed by latin name",Augeat Hydromela,XX,Augeat Hydromela,Augeat Hydromela,Augeat Hydromela,Augeat Hydromela,Augeat Hydromela,Augeat Hydromela,,,,
$flower14_hint,,An offshoot of Hydromela formed by the action of nearby Princess Butterflies.,XX,Un rejeton d'Hydromela créé grâce aux papillons princiers à proximité.,Un incrocio dell'Hydromela formato dall'azione delle Farfalle Principesse nelle vicinanze.,"Ein Ableger von Hydromela, der durch die Wirkung der nahegelegenen Prinzessinnen-Schmetterlinge entstanden ist.",Una variante de Hydromela que se forma por acción de las mariposas princesas cercanas.,Uma variante da Hydromela formada pela ação de Borboletas Princesas próximas.,ハニーローズの系統を引いていて、プリンセスチョウの働きで受粉に成功する。,,,,
$flower14_desc,,Butterflies of all kinds find the aroma of Honeylip utterly irresistable - planting these flowers are an easy first step in attracting local wildlife.,XX,Tous les papillons trouvent le parfum du Jolilys irrésistible. Planter ces fleurs permet d'attirer facilement la faune locale.,Tutti i tipi di farfalle trovano irresistibile il profumo del Bocca di Miele. Piantare questi fiori permette di attirare facilmente la fauna locale.,"Schmetterlinge aller Art finden den Duft der Honiglippe unwiderstehlich. Das Anpflanzen dieser Blumen ist ein einfacher erster Schritt, um einheimische Wildtiere anzulocken.",Todo tipo de mariposas encuentran irresistible el aroma de la labiamele. Plantar estas flores es el primer paso para atraer a estas criaturas.,Borboletas de todos os tipos acham o aroma da Lábios-de-mel completamente irresistível - plantar essas flores é um simples passo inicial para atrair a natureza local.,「ハニーリップ」の香りにはどんなチョウも思わず惹かれる。辺りにいる野生の生き物を引き寄せるには、まず第一歩としてこの花を植えよう。,,,,
$flower14_effect,,This flower increases the chance of butterflies spawning nearby.,XX,Cette fleur augmente les chances de voir apparaître des papillons à proximité.,Questo fiore aumenta la possibilità di vedere apparire delle farfalle nelle vicinanze.,"Diese Blume erhöht die Wahrscheinlichkeit, dass Schmetterlinge in der Nähe auftauchen.",Esta flor aumenta la probabilidad de que aparezcan mariposas cerca.,Essa flor aumenta a chance de borboletas aparecerem por perto.,近くにチョウが飛ぶ可能性が上がる。,,,,
$flower15_species,,Stormwort,XX,Lotempête,Erba di Tempesta,Sturmkraut,Tormentosa,Erva-tempestuosa,アラシソウ,,,,
$flower15_latin,"Latin name for the bee, keep the same if you can. If different you'll need to update all the 'hints' for bees that are mutations of this species, as the hints refer to the bees needed by latin name",Tempestus Turba,XX,Tempestus Turba,Tempestus Turba,Tempestus Turba,Clavus Turba,Tempestus Turba,Tempestus Turba,,,,
$flower15_hint,,A derivative of Turba formed by the action of nearby Drizzled Butterflies,XX,Une variante de Turba créée grâce aux papillons pluvieux à proximité.,Una variante del Turba formata dall'azione delle Farfalle Pluviali nelle vicinanze.,"Ein Derivat von Turba, das durch die Wirkung naher Niesel-Schmetterlinge entsteht",Una variante de Turba que se forma por acción de las mariposas rociadas cercanas.,Uma derivação da Turba formada pela ação próxima de Borboletas Chuviscadas.,ブルーロータスの系統を引いていて、キリサメチョウの働きで受粉に成功する。,,,,
$flower15_desc,,"Scientists are worryingly uncertain whether Stormwort only grows where storms are common, or whether storms are common because of Stormwort.",XX,"Les scientifiques ne savent pas vraiment si le Lotempête ne pousse que là où les orages sont fréquents, ou s'il y a beaucoup d'orages à cause de la fleur.","Gli scienziati non sono in grado di stabilire se l'Erba di Tempesta cresca solo in aree in cui sono frequenti le tempeste, o se le tempeste siano più comuni a causa dell'Erba di Tempesta.","Die Wissenschaft ist sich nicht sicher, ob das Sturmkraut nur dort wächst, wo es häufig stürmt, oder ob die Stürme wegen des Sturmkrauts häufig sind.",La comunidad científica no logra descifrar si la tormentosa solo crece en lugares donde las tormentas son comunes o si las tormentas son comunes debido a la tormentosa.,"Os cientistas estão assustadoramente incertos se a Erva-tempestuosa só cresce onde tempestades são comuns, ou se tempestades são comuns por causa da Erva-tempestuosa.",嵐が発生する場所で「アラシソウ」が育つのか、「アラシソウ」が育つ場所に嵐が発生するのか、研究者たちは明らかにできず頭を悩ませている。,,,,
$flower15_effect,,This flower increases the chance of rain.,XX,Cette fleur augmente les chances de pluie.,Questo fiore aumenta la possibilità che piova.,Diese Blume erhöht die Chance auf Regen.,Esta flor aumenta la probabilidad de que llueva.,Essa flor aumenta a chance de chuva.,雨が降る可能性が上がる。,,,,
$flower16_species,,Butterfly's Friend,XX,Amie du papillon,Amico delle Farfalle,Schmetterlingsfreund,Amiga de las mariposas,Amiga-das-borboletas,チョウのおともだち,,,,
$flower16_latin,"Latin name for the bee, keep the same if you can. If different you'll need to update all the 'hints' for bees that are mutations of this species, as the hints refer to the bees needed by latin name",Jucundum Lepidara,XX,Jucundum Lepidara,Jucundum Lepidara,Jucundum Lepidara,Jucundum Lepidara,Jucundum Lepidara,Jucundum Lepidara,,,,
$flower16_hint,,A sprout of Apiara formed by the action of nearby Speckled Butterflies,XX,Une pousse d'Apiara créée grâce aux papillons tachetés à proximité.,Un germoglio dell'Apiara formato dall'azione delle Farfalle Maculate nelle vicinanze.,"Ein Apiara-Spross, der sich durch die Aktivität der nahen Gesprenkelten Schmetterlinge gebildet hat",Una variante de Apiara que se forma por acción de las mariposas manchadas cercanas.,Uma vertente da Apiara formada pela ação de Borboletas Malhadas na região.,養蜂家のよろこびの系統を引いていて、マダラチョウの働きで受粉に成功する。,,,,
$flower16_desc,,"This is the flower equivalent of a neon sign by the roadside that says 'free bbq, sugary drinks and cute baby animals' - needless to say it's popular with butterflies.",XX,"C'est l'équivalent floral d'une pancarte lumineuse en bordure de route qui dit « BBQ gratuit, boissons sucrées et bébés animaux mignons ». Inutile de préciser qu'elle est populaire auprès des papillons.","È l'equivalente floreale di un'insegna al neon sul bordo della strada con scritto 'barbecue gratis, bibite zuccherate e cuccioli da accarezzare' - inutile dire quanto sia popolare tra le farfalle.","Das ist das blumige Äquivalent zu einem Neonschild am Straßenrand, auf dem steht: 'Kostenloses vom Grill, zuckerhaltige Getränke und niedliche Tierbabys' - überflüssig zu sagen, dass sie bei Schmetterlingen sehr beliebt ist.","Esta flor es el equivalente de un cartel de neón a un lado de la carretera que dice 'Barbacoa gratis, refrescos azucarados y animales bebitos'. No hace falta mencionar su popularidad entre las mariposas.","Essa flor é o equivalente a uma placa neon na estrada que diz 'churrasco, bebidas docinhas e animais fofinhos de graça' - não precisa nem dizer que é popular entre as borboletas.",道で見かける看板、「無料バーベキュー場、ジュース飲み放題、かわいい動物と触れ合える」みたいな花。つまりはチョウにとっても人気。,,,,
$flower16_effect,,This flower increases the lifespan of nearby butterflies.,XX,Cette fleur augmente la durée de vie des papillons à proximité.,Questo fiore aumenta la longevità delle farfalle nelle vicinanze.,Diese Blume erhöht die Lebenserwartung von Schmetterlingen in der Nähe.,"Esta flor aumenta la longevidad de las abejas, lo que alarga la vida de las reinas.",Essa flor aumenta a longevidade das borboletas próximas.,近くにいるチョウの寿命が伸びる。,,,,
$flower17_species,,Honeysuckle,XX,Apifeuille,Succhiamiele,Geißblatt,Lactamele,Madressilva,ハニードリンク,,,,
$flower17_latin,"Latin name for the bee, keep the same if you can. If different you'll need to update all the 'hints' for bees that are mutations of this species, as the hints refer to the bees needed by latin name",Sugere Mela,XX,Sugere Mela,Sugere Mela,Sugere Mela,Azucarosa Mela,Sugere Mela,Sugere Mela,,,,
$flower17_hint,,An outgrowth of Mela formed by the action of nearby Hypnotic Butterflies,XX,"Une ramification de Mela, créée grâce aux papillons Hypnotiques à proximité.","Una ramificazione del Mela, formata dall'azione delle Farfalle Ipnotiche nelle vicinanze.","Ein Auswuchs von Mela, der durch die Wirkung von Hypnotischen Schmetterlingen in der Nähe entstanden ist",Una variante de Mela que se forma por acción de las mariposas hipnóticas cercanas.,Um desenvolvimento de Mela formada pela ação de Borboletas Hipnóticas na região.,「ハニー」系植物の派生で、グッスリチョウの働きで受粉に成功する。,,,,
$flower17_desc,,"With only a minor adjustment to the genetic code behind Honeybriar's scent, other mesofauna can also be affected, including solitary bees.  ",XX,"Avec un petit ajustement du code génétique à l'origine du parfum de la Sapicole, d'autres espèces peuvent également être affectées, notamment les abeilles solitaires.","Con una sola piccola modifica al codice genetico che produce l'odore del Mielespina, è in grado di attirare anche altra mesofauna, incluse le api solitarie.","Mit einer geringfügigen Anpassung des genetischen Codes, der für den Duft der Honigbeere verantwortlich ist, können auch andere Mesofauna, einschließlich Solitärbienen, betroffen sein.","Con solo un pequeño cambio al código genético responsable del aroma de la mielespina, se puede afectar a otra mesofauna, incluidas las abejas solitarias.  ","Com um mínimo ajuste no código genético por trás do aroma da Azamélia, outras mesofaunas também podem ser alteradas, incluindo abelhas solitárias.",ハニーブライアーの香りの遺伝子を少し調整するだけで、ハチ以外の動物も引き寄せることができる。孤独なハチも例外ではない。,,,,
$flower17_effect,,This flower helps keep solitary bees around longer.,XX,Cette fleur favorise la présence des abeilles solitaires plus longtemps.,Questo fiore fa trattenere in zona le api solitarie più a lungo.,"Diese Blume trägt dazu bei, dass Solitärbienen länger in der Nähe bleiben.",Esta flor ayuda a que las abejas solitarias se queden durante más tiempo.,Essa flor ajuda a manter abelhas solitárias por perto por mais tempo.,孤独なハチを周囲にとどめておける。,,,,
$flower18_species,,Bright Beacon,XX,Phare brillant,Faro Luminoso,Leuchtfeuer,Fanal brillante,Farol-brilhante,キラキラビーコン,,,,
$flower18_latin,"Latin name for the bee, keep the same if you can. If different you'll need to update all the 'hints' for bees that are mutations of this species, as the hints refer to the bees needed by latin name",Clara Pharus,XX,Clara Pharus,Clara Pharus,Clara Pharus,Clara Lucet,Clara Pharus,Clara Pharus,,,,
$flower18_hint,,An adjunct of Flava formed by the action of nearby Lesser Dreamers,XX,Un adjuvant de Flava créé grâce aux Petits rêveurs à proximité.,"Un'appendice del Flava, formata dall'azione delle Sognatrici Minori nelle vicinanze.","Ein Nebenprodukt von Flava, das durch die Wirkung von Kleinen Träumern in der Nähe entsteht",Una variante de Flava que se forma por acción de las soñadoras menores cercanas.,Uma parente da Flava formada pela ação de Sonhadoras-Inferiores na região.,アンチドリーマーの働きで受粉に成功する、アキノキリンソウの副産物。,,,,
$flower18_desc,,"As these flowers only develop in very specific, flourishing environments, the presence of Bright Beacon attracts all sorts of mesofauna. Researchers use this flower to encourage solitary bee populations and help study them.",XX,"Comme ces fleurs ne se développent que dans des environnements très spécifiques et florissants, la présence du Phare brillant attire toute sorte de petites espèces. Les chercheurs l'utilisent pour favoriser les populations d'abeilles solitaires afin de les étudier.","Dato che questi fiori sbocciano soltanto in ambienti molto specifici e rigogliosi, la presenza del Faro Luminoso attrae mesofauna di ogni tipo. I ricercatori usano questo fiore per favorire la popolazione delle api solitarie da poter studiare.","Da sich diese Blumen nur in ganz bestimmten, blühenden Umgebungen entwickeln, zieht die Anwesenheit von Hellen Leuchtfeuern alle möglichen Arten von Mesofauna an. Forscher nutzen diese Blume, um Solitärbienenpopulationen zu fördern und sie zu untersuchen.","Como estas flores se desarrollan en entornos prósperos y muy específicos, la presencia de fanales brillantes atrae todo tipo de mesofauna. Los investigadores usan esta flor para favorecer el asentamiento de abejas solitarias y así poder estudiarlas.","Como essas flores só nascem em ambientes muito específicos e prósperos, a presença de Farol-brilhante atrai todo tipo de mesofauna. Pesquisadores usam essa flor para estimular populações de abelhas solitárias para poder estudá-las.",「キラキラビーコン」は非常に特殊で豊かな環境でしか育たず、その存在はさまざまな中型動物類を引き付ける。研究者は孤独なハチの個体数の増加とその研究のために「キラキラビーコン」を使用している。,,,,
$flower18_effect,,This flower increases the chance of solitary bees visiting nearby.,XX,Cette fleur augmente les chances de voir apparaître des abeilles solitaires à proximité.,Questo fiore aumenta la possibilità di ricevere la visita di api solitarie.,"Diese Blume erhöht die Chance, dass Solitärbienen in der Nähe zu Besuch kommen.",Esta flor aumenta la probabilidad de visitas de abejas solitarias.,Essa flor aumenta a chance de visitas de abelhas solitárias na região.,孤独なハチが近くを飛ぶ可能性が上がる。,,,,
$flower19_species,,Flapjack,XX,Nymphalilas,Pinna di Campo,Kugelblüte,Alaposa,Panquequinha,フラップジャック,,,,
$flower19_latin,"Latin name for the bee, keep the same if you can. If different you'll need to update all the 'hints' for bees that are mutations of this species, as the hints refer to the bees needed by latin name",Flapus Jackus,XX,Pupa Apisa,Flapus Jackus,Flapus Jackus,Alapus Posus,Flapus Jackus,Flapus Jackus,,,,
$flower19_hint,,An ascendant of Apisa formed by the action of nearby Marsh Skippers,XX,Un descendant d'Apisa créé grâce aux Hespéries des marais à proximité.,"Un discendente dell'Apisa, formato dall'azione delle Saltapalude nelle vicinanze","Ein Variation der Apisa, die durch die Aktivität der nahe gelegenen Sumpfwellen-Schmetterlinge entstanden ist.",Una predecesora de Apisa que se forma por acción de las saltapantanos cercanas.,Uma evolução da Apisa formada pela ação de Pula-Brejo na região.,「ビー」系植物の優性形質で、ヌマチホッパーの働きで受粉に成功する。,,,,
$flower19_desc,,Flapjack does not occur naturally without human intervention and causes dangerous levels of overgrowth and mutation in nearby plants and flowers. The effect it has on other forms of life is worringly unknown.,XX,Le Nymphalilas n'apparaît pas naturellement sans intervention humaine et cause des niveaux dangereux de prolifération et de mutation dans les plantes et les fleurs avoisinantes. L'effet qu'il a sur les autres formes de vie est malheureusement inconnu.,Il Pinna di Campo non appare in natura senza l'intervento dell'uomo e causa livelli pericolosi di proliferazione e mutazione nelle piante e nei fiori circostanti. L'effetto sulle altre fonti di vita è al momento sconosciuto e ciò desta preoccupazione.,"Die Kugelblüte kommt in der Natur nicht ohne menschliches Zutun vor und verursacht ein gefährliches Maß an Überwucherung und Mutation bei Pflanzen und Blumen in der Nähe. Welche Auswirkungen es auf andere Lebensformen hat, ist nicht bekannt.",La alaposa no se da en la naturaleza: es producto de la intervención humana. Puede causar niveles peligrosos de crecimiento y mutaciones excesivas en las plantas y flores cercanas. Tenemos un desconocimiento preocupante sobre los efectos que causa en otras formas de vida.,Panquequinhas não nascem naturalmente sem intervenção humana e causam níveis perigosos de crescimento e mutação em plantas e flores próximas. O efeito que tem em outras formas de vida é preocupantemente desconhecido.,人の干渉なしで自然発生することはなく、周囲の植物に危険な過剰繁殖と突然変異をもたらす。他の生物に与える影響は恐るべきことに未知数である。,,,,
$flower19_effect,,This flower increases chance of cross-mutation of flowers nearby.,XX,Cette fleur augmente les chances de mutation croisée des fleurs voisines.,Questo fiore aumenta la possibilità di mutazione incrociata nei fiori vicini.,Diese Blume erhöht die Wahrscheinlichkeit der Kreuzung von Blumen in der Nähe.,Esta flor aumenta la probabilidad de mutaciones cruzadas en flores cercanas.,Essa flor aumenta a chance de mutação cruzada entre flores próximas.,近くの花同士で交雑変異が起こる可能性が上がる。,,,,
$flower20_species,,Ashthorn,XX,Épine cendrée,Spina Cenerea,Aschefackel,Cenícea,Espinerário,ハイスイソウ,,,,
$flower20_latin,"Latin name for the bee, keep the same if you can. If different you'll need to update all the 'hints' for bees that are mutations of this species, as the hints refer to the bees needed by latin name",Spina Cinis,XX,Spina Cinis,Spina Cinis,Spina Cinis,Spina Cinis,Spina Cinis,Spina Cinis,,,,
$flower20_hint,,An evolution of Pestia Alva formed by the action of nearby Faded Butterflies,XX,Une évolution de Pestia Alva due à la présence de papillons voilés à proximité.,Un'evoluzione del Pestia Alva formatasi per l'azione delle Farfalle Sfumate nelle vicinanze.,"Eine Entwicklung der Pestia Alva, die durch die Wirkung von Verblassten Schmetterlingen in der Nähe entstanden ist",Una evolución de Pestia Alva que se forma por acción de las mariposas fundidas cercanas.,Uma evolução de Pestia Alva formada pela ação de Borboletas Desvanecidas próximas.,ポイズンローズが進化したもので、イロアセチョウの働きで受粉に成功する。,,,,
$flower20_desc,,"Having absorbed pollutants from the Faded butterflies, Ashthorn is the single largest cause of stress to bee colonies in the botanical world; every Spring, beekeepers scour the Archipelago of burgeoning Ashthorn reeds.",XX,"Ayant absorbé les polluants des papillons voilés, l'Épine cendrée est la plus grande cause de stress pour les colonies d'abeilles dans le monde botanique. Chaque printemps, les apiculteurs débarrassent l'archipel des Épines cendrées bourgeonnantes.","Avendo assorbito le sostanze inquinanti delle Farfalle Sfumate, la Spina Cenerea è la maggior causa di stress per le colonie di api nel mondo botanico; ogni primavera, gli apicoltori setacciano l'Arcipelago per impedire ai canneti di questa specie di espandersi troppo.",Durch die Aufnahme von Schadstoffen durch die Verblassten Schmetterlinge ist die Aschefackel die größte Stressursache für Bienenvölker in der Pflanzenwelt; jeden Frühling durchforsten Imker die Insel nach aufkeimendem Aschefackeln.,"La cenícea absorbe las sustancias contaminantes de las mariposas fundidas, y es la mayor causa de estrés del mundo botánico para las colonias de abejas. Cada primavera, los apicultores rastrillan el archipiélago en busca de juncos de cenícea en flor.","Tendo absorvido os poluentes das borboletas Desvanecidas, a Espinerário é a maior causa de estresse para colônias de abelhas no mundo botânico; toda Primavera, apicultores varrem o Arquipélago atrás dos ramos de Espinho-cinza.",「ハイスイソウ」はウスイロチョウから汚染物質を吸収するため、植物界のミツバチ生態系にたいする最大のストレス要因となっている。養蜂家は毎年春に、諸島でぐんぐん伸びている「ハイスイソウ」を除去している。,,,,
$flower20_effect,,This flower decreases the stability of nearby hives drastically.,XX,Cette fleur diminue considérablement la stabilité des ruches environnantes.,Questo fiore diminuisce drasticamente la stabilità degli alveari vicini.,Diese Blume verringert die Stabilität der benachbarten Bienenstöcke drastisch.,Esta flor disminuye la estabilidad de las colmenas cercanas en gran medida.,Essa flor diminui drasticamente a estabilidade de colmeias próximas.,近くにある巣の安定性を著しく下げる。,,,,
$flower21_species,,Mothlight,XX,Veilleuse,Luce di Falena,Mottenlicht,Polácea,Luz-de-bruxa,モスライト,,,,
$flower21_latin,"Latin name for the bee, keep the same if you can. If different you'll need to update all the 'hints' for bees that are mutations of this species, as the hints refer to the bees needed by latin name",Lux Tinea,XX,Lux Tinea,Lux Tinea,Lux Tinea,Lux Tinea,Lux Tinea,Lux Tinea,,,,
$flower21_hint,,A branch of Lacuna formed by the action of nearby Masked Butterflies,XX,Une branche de Lacuna créée grâce aux papillons masqués à proximité.,Una branca del Lacuna formata dall'azione delle Farfalle Mascherate nelle vicinanze.,"Eine Form der Lacuna, die durch die Aktivität der Maskierten Schmetterlinge in der Nähe entstanden ist",Una ramificación de Lacuna que se forma por acción de las mariposas enmascaradas cercanas.,Uma ramificação de Lacuna formada pela ação de Borboletas Mascaradas na região.,ポンドシャインの系統を引いていて、マスクチョウの働きで受粉に成功する。,,,,
$flower21_desc,,"Each generation of children in the Archipelego quickly discover that this small flower can provide just enoughlight to read after bedtime, undetected - or so they think; many a family garden 'accidentally' contains this flower.",XX,Chaque nouvelle génération d'enfants dans l'archipel découvre rapidement que cette petite fleur offre juste assez de lumière pour lire après l'heure du coucher en toute discrétion. Ou c'est ce qu'ils pensent... De nombreux jardins familiaux recèlent « accidentellement » cette fleur.,Ogni nuova generazione di bambini dell'Arcipelago scopre rapidamente che questo fiorellino fornisce luce sufficiente per leggere dopo l'ora della nanna senza essere scoperti - o almeno è quello che credono; molti giardini familiari contengono 'accidentalmente' questo fiore.,"Jede Generation von Kindern auf der Insel entdeckt schnell, dass diese kleine Blume gerade genug Licht spendet, um nach der Schlafenszeit unbemerkt zu lesen - so denken sie zumindest; in so manchem Familiengarten findet sich diese Blume 'zufällig'.",Cada generación de niños del archipiélago descubre rápidamente que esta florcita puede proporcionar suficiente luz para leer de noche en la cama sin que los detecten... O eso creen. Muchas familias dejan crecer 'accidentalmente' a esta flor en sus jardín.,"Cada geração de crianças no Arquipélago rapidamente descobre que essa pequena flor provém luz o suficiente para uma leitura noturna, sem serem percebidas - ou pelo menos é o que elas acham; muitos jardins familiares 'acidentalmente' contém essa flor.",諸島の子どもたちは、遅かれ早かれ、このちいさな花があれば寝る前にも隠れて本を読めることに気づく。子どもたちは、どのおうちにも「偶然」この花が咲いていると思っているのだ。,,,,
$flower21_effect,,This flower increases amount of gifts left by visitors in habitats.,XX,Cette fleur augmente le nombre de cadeaux laissés par les visiteurs dans les habitats.,Questo fiore aumenta la quantità di doni lasciati dai visitatori negli habitat.,"Diese Blume erhöht die Anzahl der Geschenke, die von Besuchern in den Habitaten hinterlassen werden.",Esta flor aumenta la cantidad de regalos que dejan los visitantes en cada hábitat.,Essa flor aumenta o número de presentes deixados por visitantes nos habitats.,生息環境に訪れた種が贈り物を残していく可能性が上がる。,,,,
$flower22_species,,Royal Trumpet,XX,Trompette royale,Tromba Reale,Königstrompete,Trompeta real,Trombeta Real,ロイヤルトランペット,,,,
$flower22_latin,"Latin name for the bee, keep the same if you can. If different you'll need to update all the 'hints' for bees that are mutations of this species, as the hints refer to the bees needed by latin name",Tubae Regium ,XX,Tubae Regium,Tubae Regium,Tubae Regium,Tubae Regium ,Tubae Regium,Tubae Regium,,,,
$flower22_hint,,A germination of Stilla Mela formed by the action of nearby Glacial Butterflies,XX,Une germination de Stilla Mela créée grâce aux papillons Glacials à proximité.,Una germinazione dello Stilla Mela formato dall'azione delle Farfalle Glaciali nelle vicinanze.,"Eine Keimung von Stilla Mela, die durch die Wirkung von Gletscher-Schmetterlingen in der Nähe entstanden ist",Una variante de Stilla Mela que se forma por acción de las mariposas glaciales cercanas.,Uma germinação de Stilla Mela formada pela ação de Borboletas Glaciais na região.,ハニードロップの系統を引いていて、ヒョウガチョウの働きで受粉に成功する。,,,,
$flower22_desc,,"Considered blaspheme by some Islanders, Royal Trumpet has a remarkably viral form of pollen, infecting social hives, editing Queen pheromones and making it exponentially more efficient. ",XX,"Considérée comme un blasphème par certains insulaires, la Trompette royale possède une forme de pollen particulièrement virale, infectant les ruches sociales, modifiant les phéromones de la reine et la rendant beaucoup plus efficace.","Considerata blasfema da certi isolani, la Tromba Reale possiede una forma di polline particolarmente virale, che infetta gli alveari sociali, modificando i feromoni della Regina rendendola esponenzialmente più efficiente.","Die Königstrompete, die von einigen Inselbewohnern als Blasphemie angesehen wird, hat eine bemerkenswert virale Form von Pollen, die soziale Bienenstöcke infiziert, die Pheromone der Königin verändert und sie exponentiell effizienter macht.","Algunos isleños consideran que la trompeta real es un castigo: tiene una forma de polen notablemente viral que infecta colmenas sociales y modifica las feromonas de la reina, lo que las hace mucho más eficientes. ","Considerada uma blasfêmia por alguns habitantes, a Trombeta Real tem uma espécie extremamente viral de pólen, infectando colmeias sociais, editando os feromônios da Rainha e fazendo com que ela fique exponencialmente mais eficiente.",ロイヤルトランペットは神聖なるものへの冒とくだと考える島民もいる。花粉の形状がウイルスに酷似していて、社会的なハチの巣が感染すると女王バチのフェロモンが変異し、急激に生産性が上がるのだ。,,,,
$flower22_effect,,This flower automatically starts a new cycle of nearby hives.,XX,Cette fleur lance automatiquement un nouveau cycle chez les ruches à proximité.,Questo fiore lancia automaticamente un nuovo ciclo negli alveari vicini.,Mit dieser Blüte beginnt automatisch ein neuer Zyklus von Bienenstöcken in der Nähe.,Esta flor comienza automáticamente un nuevo ciclo en las colmenas cercanas.,Essa flor automaticamente começa um novo ciclo em colmeias próximas.,近くの巣で自動的に新しいサイクルが始まる。,,,,
$flower23_species,,Frostips,XX,Givrelin,Petalgelato,Frostturbine,Gelácea,Gelínea,フロスティップ,,,,
$flower23_latin,"Latin name for the bee, keep the same if you can. If different you'll need to update all the 'hints' for bees that are mutations of this species, as the hints refer to the bees needed by latin name",Flora Gelus,XX,Flora Gelus,Flora Gelus,Flora Gelus,Floris Gelus,Flora Gelus,Flora Gelus,,,,
$flower23_hint,,A bud of Gelus formed by the action of nearby Smoldering Butterflies,XX,"Un bourgeon de Gelus, créé grâce aux papillons embrasés à proximité.","Un bocciolo del Gelus, formato dall'azione delle Farfalle Fumanti nelle vicinanze.","Eine Gelus-Knospe, die durch die Wirkung von Schwelenden Schmetterlinge in der Nähe entstanden ist.",Una predecesora de Gelus que se forma por acción de las mariposas ardientes cercanas.,Uma variante da Gelus formada pela ação de Borboletas Chamejantes na região.,フロステリアのつぼみ。近くにいるイブシチョウの働きによって形成される。,,,,
$flower23_desc,,"Frostips nectar is one of the most energy dense liquids in the Archipelego; a Mainlander once tried to exploit it as an energy drink, until a cartel of scientists blockaded the Archipelego.",XX,"Le nectar de Givrelin est l'un des liquides les plus énergétiques de l'archipel. Un habitant du Continent a essayé de l'exploiter comme boisson énergétique, jusqu'à ce qu'un groupe de scientifiques fassent un blocus.","Il nettare di Petalgelato è uno dei liquidi più energetici dell'Arcipelago. Un abitante del Continente provò una volta a sfruttarlo come bibita energetica, prima che un cartello di scienziati boicottasse l'Arcipelago.","Frostturbinen-Nektar ist eine der energiereichsten Flüssigkeiten auf der Insel. Festlandbewohner versuchten einst, ihn als Energydrink zu nutzen, bis ein Kartell von Wissenschaftlern dies blockierte.","El néctar de la gelácea es uno de los líquidos más densos y energéticos del archipiélago. Una vez, una persona del continente intentó aprovecharse y usarlo como bebida energética, pero un cartel de científicos bloqueó el archipiélago.","O néctar de Gelíneas é um dos líquidos mais densos em energia no Arquipélago: certa vez, um morador do Continente tentou explorá-lo como um energético, até que um cartel de cientistas bloqueou o Arquipélago.",フロスティップのミツは諸島きってのエネルギー密度を誇る。研究者たちが諸島を封鎖するまでは、本島の民はこれを利用してエナジードリンクを製作しようとしていた。,,,,
$flower23_effect,,This flower increases productivity of hives drastically.,XX,Cette fleur augmente considérablement la productivité des ruches.,Questo fiore aumenta drasticamente la produttività degli alveari.,Diese Blume erhöht die Produktivität der Bienenstöcke drastisch.,Esta flor aumenta la productividad de las colmenas en gran medida.,Essa flor aumenta drasticamente a produção de colmeias.,巣の生産性を大幅に向上させる。,,,,
$book3_11_id,,Cross-mutation,XX,Mutation croisée,Mutazione incrociata,Kreuzmutationen,Mutación cruzada,Mutação Cruzada,交雑変異,,,,
$book3_11_page1_1,,You may have noticed some fluttering friends appearing round your flowers!,XX,Tu as peut-être remarqué quelques amis virevoltants autour de tes fleurs !,Avrai notato delle piccole amiche volteggiare attorno ai tuoi fiori!,"Vielleicht hast du schon bemerkt, dass um deine Blumen herum ein paar flatternde Freunde aufgetaucht sind!",Puede que hayas visto a unas amiguitas aleteando cerca de tus flores.,Você deve ter percebido algumas amigas esvoaçantes aparecendo perto de suas flores!,キミの花の近くをパタパタとお友だちが飛んでいるね！,,,,
$book3_11_page1_2,,"Butterflies are not only great company but great pollinators, helping to spread flowers similar to how bees do.",XX,"Les papillons sont non seulement d'excellente compagnie, mais aussi d'excellents pollinisateurs, contribuant à la propagation des fleurs, comme le font les abeilles.","Le farfalle non sono soltanto di eccellente compagnia, ma sono anche grandi impollinatrici, contribuendo alla propagazione dei fiori in modo simile alle api.","Schmetterlinge sind nicht nur eine tolle Gesellschaft, sondern auch großartige Bestäuber, die ähnlich wie Bienen zur Verbreitung von Blumen beitragen.","Las mariposas no solo son compañeras geniales; también son grandes polinizadoras y, al igual que las abejas, ayudan a que las flores se reproduzcan.","Borboletas não são apenas grandes companheiras, mas também grandes polinizadoras, ajudando a espalhar flores de maneira parecida com as abelhas.",チョウはお友だちでもあり、優秀な花粉媒介者でもある。ミツバチと同じように、花がはん栄するのを手助けしてくれるよ！,,,,
$book3_11_page2_1,,"When butterflies are in butterfly hotels, they can cause cross-mutation of their favourite flowers, leading to entirely new variants.",XX,"Quand les papillons sont dans un hôtel à papillons, ils peuvent entraîner la mutation croisée de leurs fleurs favorites, créant ainsi de toutes nouvelles variantes.","Quando le farfalle si trovano negli alberghi per farfalle, possono causare una mutazione incrociata dei loro fiori preferiti, portando a varianti del tutto nuove.","Wenn Schmetterlinge in einem Schmetterlingshotel sind, können sie eine Kreuzmutation ihrer Lieblingsblumen verursachen, die zu völlig neuen Varianten führt.","Cuando las mariposas están en un hotel para mariposas, pueden causar mutaciones cruzadas a sus flores favoritas, lo que puede dar lugar a variedades completamente nuevas.","Quando as borboletas estão em hotéis de borboletas, elas podem causar mutação cruzada de suas flores favoritas, gerando variantes completamente novas.",チョウはホテルにいる間、お気に入りの花を交雑変異させて、まったく新しい品種を生み出すことがあるよ。,,,,
$book3_11_page2_2,,"If you're interested in learning more about butterflies, head west and find Dr Sto!",XX,"Si tu veux en savoir plus sur les papillons, dirige-toi vers l'ouest et cherche Pr Sto !","Se ti interessa saperne di più sulle farfalle, vai a ovest e parla con la dottoressa Sto!","Wenn du mehr über Schmetterlinge erfahren möchtest, solltest du dich auf den Weg machen und Dr. Sto finden!","Si te interesa aprender más sobre las mariposas, ¡ve hacia el oeste y encuentra a la doctora Sto!","Se estiver atrás de aprender mais sobre borboletas, vá para o leste e encontre a Dra. Sto!",チョウについてもっと知りたかったら、東へ向かってストヘリット博士に聞いてみよう！,,,,